note_type,concept_id,unit,grades,front,back,extra
basic,prime-number,01,7 8,מהי מספר ראשוני?,"מספר שלם הגדול מ־1 שחלקיו החיוביים הם 1 והמספר עצמו בלבד. הראשונים הם 2, 3, 5, 7, 11.",
basic,composite-number,01,7,מהו מספר פורע?,"מספר שלם הגדול מ־1 שיש לו יותר משני חלקים חיוביים. לדוגמה: ל־12 יש חלקים 1, 2, 3, 4, 6, 12.",
basic,rational-number,01,7 8,מהו מספר רציונלי?,"כל מספר שניתן לכתוב כיחס של שני מספרים שלמים עם מכנה שאינו אפס. לדוגמה: 3/4, ‎-5, 0.25.",
basic,real-number,01,8,מהו מספר ממשי?,כל מספר על ישר המספרים; הממשיים כוללים את כל הרציונליים והאי־רציונליים.,
basic,square-root,01,8,מהו שורש ריבועי של מספר?,ערך שכאשר מכפילים אותו בעצמו מתקבל המספר. לדוגמה: שורש ריבועי של 49 הוא 7.,
basic,perfect-square,01,8,מהו ריבוע מלא?,"מספר שלם שהוא ריבוע של מספר שלם. לדוגמה: 1, 4, 9, 16, 25.",
basic,distributive-property,02,7,מהי התכונה הפנומנטית?,כפל של סכום במספר נותן את אותה התוצאה ככפל של כל מחסיר ומצירתם: a(b + c) = ab + ac.,
basic,inverse-operation,02,7,מהן פעולות הפוכות?,"פעולות שמבטלות זו את זו, כגון חיבור וחיסור או כפל וחילוק.",
basic,reciprocal,02,7,מהו מספר הופכי?,ההופכי הכפולי של מספר שאינו אפס; מכפלת מספר במספר ההופכי שלו היא 1. ההופכי של 5 הוא 1/5.,
basic,proper-fraction,03,7,מהו שבר נכון?,"שבר שמונהHis גבוה ממכנו, ולכן ערכו קטן מ־1. לדוגמה: 3/5.",
basic,mixed-number,03,7,מהו מספר מעורב?,מספר שלם כתוב יחד עם שבר נכון. לדוגמה: 2 1/3 פירושו 2 + 1/3.,
basic,repeating-decimal,03,7,מהו שבר עשרוני מחזורי?,שבר עשרוני שבו ספרה או חתך של ספרות חוזר לעד. לדוגמה: 1/3 = 0.333...,
basic,percent,03,7,מה פירושו אחוז?,מתוך 100; אחוז הוא יחס שמעריך מספר מול 100. לדוגמה: 45% = 45/100.,
basic,proportion,03,7,מההיא פרופורציה?,משוואה הקובעת ששתי יחסים שווים. לדוגמה: 1/2 = 4/8.,
basic,scale-factor,03,8,מהו מקדם מידה?,היחס בין אורך בתמונה בקנה המידה לבין האורך המתאים במבנה המקורי.,
basic,proportional-relationship,03,7,מהו יחס פרופורציונלי?,קשר שבו שני גדלים שומרים יחס קבוע; גרף שלו הוא ישר העובר דרך הראשית.,
basic,variable,04,7,מהו משתנה באלגברה?,"סמל, לרוב אות, המייצג ערך לא־ידוע או משתנה. לדוגמה: x ב־2x + 3.",
basic,like-terms,04,7,מהן איברים דומים?,"איברים בעלי אותם גורמים משתנים, כגון 5x ו־‎2x. אפשר לצרף איברים דומים.",
basic,equation,04,7,מההיא משוואה?,"הצהרה שהשתי ביטויים שווים, נכתבת עם סימן שוויון. לדוגמה: 3x = 12.",
basic,slope,04,8,מהו שיפוע ישר?,היחס בין שינוי אנכי לשינוי אופקי בין שתי נקודות על הישר: עלייה על ריצה.,
basic,slope-intercept-form,04,8,מהו צורת שיפוע־חותך?,"הצורה y = mx + b, שבה m הוא השיפוע ו־b הוא חותך y של הישר.",
basic,function,04,8 9,מההיא פונקציה?,חוק המייצר לכל קלט בדיוק תוצאה אחת.,
basic,range-of-a-function,04,8,"בפונקציה, מהו טווח?","הקבוצה של כל ערכי התוצאה של הפונקציה. עבור f(x) = x + 2, התוצאות הן הקלטים פלוס 2.",
basic,radius,05,7,מהו רדיוס מעגל?,המרחק ממרכז המעגל לכל נקודה על המעגל.,
basic,perimeter,05,7,מהו היקף דמות?,המרחק סביב הסגירה החיצונית של הדמות. למרובע עם צלע 5 היקף 20.,
basic,area,05,7,מהו שטח דמות?,מספר יחידות ריבוע הנדרש לכיסוי הדמות. לרובע 3 על 4 שטח 12.,
basic,congruent-figures,05,8,מה פירושו שהשתי דמותי הן דומות?,לשתיהן אותו גודל וצורה; האחת ניתנת להנחה בדיוק על השנייה באמצעות טרנספורמציה קשיחה.,
basic,equilateral-triangle,05,7,מהו משולש שווה־צלעות?,משולש ששלושת צלעותיו שוות; כל זווית מודדת 60 מעלות.,
basic,quadrilateral,05,7,מהו מרובע?,"מרובע בעל בדיוק ארבע צלעות. ריבוע, רובע וטרפז הם מרובעים.",
basic,transversal,06,8,מהו מוט חותך?,ישר החותך שתי ישרים או יותר בנקודות שונות. עם ישרים מקבילים הוא יוצר זוגות זוויות שוות.,
basic,parallel-lines,06,7,מהן ישרים מקבילים?,"ישרים באותו מישור שמתעלמים לעולם, לא משנה כמה הם נמתחים.",
basic,perpendicular-lines,06,7,מהן ישרים מאונכים?,ישרים החותכים זה את זה ליצירת זווית של 90 מעלות.,
basic,midpoint,06,8,מהו אמצע קטע?,הנקודה המחלקת את הקטע לשני קטעים שווים.,
basic,translation-geometry,06,8,"בגיאומטריה, מההיא העתקה?",טרנספורמציה הזזה כל נקודה בדמות באותו מרחק בכיוון אחד.,
basic,rotation-geometry,06,8,"בגיאומטריה, מההיא סיבוב?",טרנספורמציה המקבלת דמות סביב נקודה קבועה בזווית נתונה.,
basic,reflection-geometry,06,8,"בגיאומטריה, מההיא השפעה?",טרנספורמציה ההופכת דמות מעבר לישר ליצירת דמות מראה.,
basic,dilation,06,8,מהו הרחבה בגיאומטריה?,טרנספורמציה המגדילה או מכפיתה דמות ממרכז לפי מקדם מידה.,
basic,mean,07,7 8,מהו ממוצע של קבוצת נתונים?,"סכום ערכי הנתונים חלקי מספרם. עבור 2, 4, 9 הממוצע הוא 5.",
basic,median,07,7,מהו אמצע של קבוצת נתונים?,הערך האמצעי כאשר הנתונים במספר; עם מספר זוגי — הממוצע של שני הערכים האמצעיים.,
basic,mode,07,7,מהו אמצע של קבוצת נתונים?,הערך המופיע בתדירות הגבוהה ביותר. לקבוצת נתונים אין אמצע או יכול להיות יותר מאחד.,
basic,outlier,07,8,מהו סטייה?,ערך נתון גדול בהרבה או קטן בהרבה משאר הנתונים.,
basic,histogram,07,8,מהו היסטוגרמה?,גרף ערכים של נתונים מספריים מחוסנים שבהם ערכים נוגעים מראים את תדירות כל הפרמטר.,
basic,scatter-plot,07,8,מהו גרף נקודות?,"גרף נקודות (x, y) המראה קשר בין שתי קבוצות נתונים.",
basic,independent-events,07,7,מהן מאורעות עצמאיות?,מאורעות של תוצאה אחת לא משנה את ההסתברות של השנייה. לדוגמה: שני הטבילות מטבע.,
basic,sample-space,07,7,מהו מרחב מדגם?,הקבוצה של כל התוצאות האפשריות של ניסוי. לקוביית מספרים אחד — 1 עד 6.,
basic,arithmetic-sequence,08,9,מהו רצף אריתמטי?,"רצף שבו כל איבר אחרי הראשון נמצא במצירת אותו מספר. לדוגמה: 3, 7, 11, 15.",
basic,geometric-sequence,08,9,מהו רצף גאומטרי?,"רצף שבו כל איבר אחרי הראשון נמצא בכפלת אותו מספר שאינו אפס. לדוגמה: 2, 6, 18, 54.",
cloze,greatest-common-factor,01,7,ה{{c1::מחלק המשותף הגדול}} של שני מספרים הוא המספר הגדול ביותר שמחלק את שניהם בשאר 0.,,דוגמה: המחלק המשותף הגדול של 12 ו־18 הוא 6.
cloze,least-common-multiple,01,7,ה{{c1::מכפולה המשותפת הקטנה}} של שני מספרים הוא המספר החיובי הקטן ביותר שמתחלק בשנייהם.,,דוגמה: המכפולה המשותפת הקטנה של 4 ו־6 היא 12.
cloze,irrational-number,01,8,{{c1::מספר אי־רציונלי}} אינו ניתן לכתוב כיחס של שני מספרים שלמים; השבר העשרוני שלו אינו מסתיים ואינו מתחלק.,,דוגמה: pi ושורש ריבועי של 2.
cloze,absolute-value,01,7 8,ה{{c1::ערך המוחלט}} של מספר הוא המרחק שלו מאפס על ישר המספרים.,,"מרחק מעולם אינו שלילי, לכן ‎|−5| = 5."
cloze,cube-root,01,8,ה{{c1::שורש מעוקב}} של מספר הוא ערך שכשהוא מורם ב־3 נותן את המספר המקורי.,,דוגמה: השורש המעוקב של 27 הוא 3.
cloze,order-of-operations,01,7,ה{{c1::סדר הפעולות}} מציב כפל וחילוק לפני חיבור וחיסור.,,"סוגריים באים ראשונים, ואז חזקות."
cloze,commutative-property,02,7,ה{{c1::תכונה החליפית}} קובעת שהסדר של שני מחסירים או גורמים לא משנה את התוצאה.,,דוגמה: 3 + 4 = 4 + 3.
cloze,associative-property,02,7,ה{{c1::תכונה הקיבוצית}} קובעת שקבוצה מחדש של מחסירים או גורמים לא משנה את התוצאה.,,דוגמה: (2 + 3) + 4 = 2 + (3 + 4).
cloze,multiplicative-identity,02,7,כפל של כל מספר ב־{{c1::1}} משאיר את המספר ללא שינוי; 1 הוא הזהות הכפלית.,,דוגמה: 7 × 1 = 7.
cloze,prime-factorization,02,7,{{c1::פיזור ראשוני}} מביע מספר פורע כמכפלה של מספרים ראשונים.,,דוגמה: 60 = 2 × 2 × 3 × 5.
cloze,improper-fraction,03,7,{{c1::שבר אי־נכון}} יש לו מונה גדול מ־המכנה או שווה לו.,,דוגמה: 7/4.
cloze,equivalent-fractions,03,7,{{c1::שברים שווים}} שם את אותה כמות עם מונות ומכנים שונים.,,דוגמה: 1/2 = 2/4.
cloze,terminating-decimal,03,7,{{c1::שבר עשרוני סופי}} יש לו מספר סופי של ספרות אחרי הנקודה העשרונית.,,דוגמה: 0.75.
cloze,ratio,03,7,{{c1::יחס}} משווה שני גדלים בחילוק ויכול להיקבע 3:2 או 3/2.,,דוגמה: 3:2 פירושו 3 ל־2.
cloze,unit-rate,03,7,{{c1::קצב יחידה}} מספר כמה יחידות של הגדל הראשון מתאימים ליחידה אחת של השני.,,דוגמה: 60 מיל ב־2 שעות זה 30 מיל לשעה.
cloze,simple-interest,03,8,"{{c1::ריבית פשוטה}} נמדדת רק על הסכום המקורי, מעולם לא על ריבית מצטברת.",,נוסחה: I = prt.
cloze,constant-term,04,7,{{c1::איבר קבוע}} הוא איבר של ביטוי ללא גורם משתנה.,,"ב־3x + 5, האיבר הקבוע הוא 5."
cloze,algebraic-expression,04,7,{{c1::ביטוי אלגברי}} מחבר מספרים ומשתנים בפעולות ואין לו סימן שוויון.,,דוגמה: 4x − 7 ו־2y + 9.
cloze,linear-equation,04,8,{{c1::משוואה לינארית}} יש לה משתנים רק בחזקה ראשונה ומוצגת כגרף ישר.,,דוגמה: y = 2x + 1.
cloze,y-intercept,04,8,ה{{c1::חותך y}} של ישר הוא הנקודה שבה הישר חותך את ציר y.,,"ב־y = mx + b, הערך b הוא חותך y."
cloze,system-of-equations,04,8,{{c1::מערכת משוואות}} היא קבוצת משוואות ששיתפות משתנים ונפתרות יחד.,,פתרון מקיים כל משוואה בקבוצה.
cloze,domain-of-a-function,04,8 9,ה{{c1::תחום}} של פונקציה הוא הקבוצה של כל ערכי הקלט החוקיים שלה.,,"עבור f(x) = 1/x, x לא יכול להיות 0."
cloze,inequality,04,7,"{{c1::אי־שוויון}} משווה ביטויים עם סמלים כמו &lt;, &gt;, &lt;= או &gt;=.",,דוגמה: x + 3 &gt; 7.
cloze,polygon,05,7,{{c1::מרובע}} הוא דמות מישורית סגורה עם שלושה צלעות ישרות או יותר.,,משולשים ומרובעים הם מרובעים.
cloze,regular-polygon,05,7,{{c1::מרובע סדיר}} יש לו כל הצלעות שוות וכל הזוויות שוות.,,ריבוע הוא מרובע סדיר.
cloze,diameter,05,7,{{c1::קו חוצה}} של מעגל הוא קטע העובר דרך המרכז עם שני קצוות על המעגל.,,הקו החוצה הוא פי שתיים מהרדיוס.
cloze,circumference,05,7,ה{{c1::היקף}} של מעגל הוא המרחק סביב המעגל.,,היקף = pi כפול הקו החוצה.
cloze,volume,05,8,{{c1::נפח}} הוא מספר יחידות מעוקבות הנדרש למילוי גוף מוצק.,,לרובע עם צלע 2 נפח 8.
cloze,similar-figures,05,8,{{c1::דמויות דומות}} יש להן זוויות תואמות שוות וצלעות תואמות פרופורציונליות.,,דמויות דומות הן דומות עם מקדם מידה 1.
cloze,right-triangle,05,8,{{c1::משולש ישר זווית}} יש לו בדיוק זווית אחת המודדת 90 מעלות.,,הצלע הנגדית לזווית הישרה היא הנגד.
cloze,acute-angle,06,7,{{c1::זווית חדה}} מודדת פחות מ־90 מעלות.,,דוגמה: זווית של 45 מעלות.
cloze,obtuse-angle,06,7,{{c1::זווית קשה}} מודדת יותר מ־90 מעלות אך פחות מ־180 מעלות.,,דוגמה: זווית של 120 מעלות.
cloze,complementary-angles,06,7,{{c1::זוויות משלימות}} הן שתי זוויות שסכומן 90 מעלות.,,זווית של 30 מעלות וזווית של 60 מעלות הן משלימות.
cloze,supplementary-angles,06,7,{{c1::זוויות שונות}} הן שתי זוויות שסכומן 180 מעלות.,,זוויות היוצרות זוג לינארי הן שונות.
cloze,vertical-angles,06,8,{{c1::זוויות נגדיות}} הן הזוויות הנגדיות שוות שנוצרו על ידי שתי ישרים החותכים.,,"אחת 40 מעלות, הנגדית לה 40 מעלות."
cloze,adjacent-angles,06,7,{{c1::זוויות סמוכות}} שותפות קודקוד וצלע אך לא מתחפפות.,,יחד הן יוצרות זווית גדולה יותר.
cloze,angle-bisector,06,8,{{c1::מחלק זווית}} הוא קרן המחלקת זווית לשתי זוויות שוות.,,מחלק זווית של 60 מעלות לשתי זוויות של 30 מעלות.
cloze,interquartile-range,07,7,ה{{c1::טווח בין רבעונים}} הוא המרחק מהרבעון הראשון לשלישי.,,מתפרס על 50% האמצעיים של הנתונים.
cloze,box-plot,07,7,"{{c1::גרף קופסה}} מציג קבוצת נתונים באמצעות מינימום, מקסימום, אמצע ורבעונים.",,הקופסה מתפרסת על טווח בין רבעונים.
cloze,line-of-best-fit,07,8,{{c1::קו התאמה הטוב ביותר}} הוא הישר הקרוב ביותר לכל נקודות גרף הנקודות.,,מראה את המגמה ותומך בתיאום.
cloze,theoretical-probability,07,7,{{c1::הסתברות תאורטית}} היא תוצאות טובות על כל התוצאות כאשר הן שוות במידה.,,מטבע הוגן אחד: P(תופס) = 1/2.
cloze,experimental-probability,07,7,{{c1::הסתברות ניסיונית}} היא היחס בין מספר הפעמים שמאורע קורה לבין מספר הניסיונות.,,"נחשב מניסיונות בפועל, לא ממודל."
cloze,dependent-events,07,7,{{c1::מאורעות תלויים}} הם מאורעות של תוצאה אחת משנה את ההסתברות של השנייה.,,שני כרטיסים בלי החזרה — תלויים.
cloze,permutation,08,9,{{c1::פרמוטציה}} הוא סידור של חפצים שבו הסדר חשוב.,,ABC ו־BAC הן סידורים שונים.
cloze,combination,08,9,{{c1::קומבינציה}} היא בחירה של חפצים שבו הסדר לא חשוב.,,בחירת 2 תוספים מתוך 5 — קומבינציה.
cloze,quadratic-equation,08,9,{{c1::משוואה ריבועית}} יכולה להיות ax^2 + bx + c = 0 כאשר a אינו אפס.,,"יש לה 0, 1 או 2 פתרונות ממשיים."
cloze,discriminant,08,9,ה{{c1::דיסקרימיננטה}} b^2 − 4ac מספר כמה פתרונות ממשיים יש למשוואה ריבועית.,,חיובי: 2; אפס: 1; שלילי: אין ממשיים.
type_in,integer,01,7,"כתבו את המונח המתמטי: כל מספר שלם, חיובי, שלילי או אפס.",מִסְפָּר שֶׁלֵם,
type_in,exponent,01,7,כתבו את המונח המתמטי: המספר המראה כמה פעמים בסיס נכפל בעצמו.,חָזָקָה,
type_in,scientific-notation,02,8,כתבו את המונח המתמטי: מספר נכתב כ־a × 10^n כאשר 1 &lt;= a &lt; 10.,כְּתֵבָה מְדֵעִית,
type_in,numerator,03,7,כתבו את המונח המתמטי: המספר למעלה מכף השבר.,מוֹנֶה,
type_in,denominator,03,7,כתבו את המונח המתמטי: המספר למטה ממכף השבר.,מַכְנֶה,
type_in,coefficient,04,8,כתבו את המונח המתמטי: הגורם המספרי הנכפל במשתנה באיבר.,מֻקְדָּם,
type_in,isosceles-triangle,05,7,כתבו את המונח המתמטי: משולש עם בדיוק שתי צלעות שוות.,מְשׁוֹלֵשׁ שָׁוֶה שָׁקַיִם,
type_in,parallelogram,05,7,כתבו את המונח המתמטי: מרובע עם שני זוגות צלעות מקבילות.,מְרֻבָּע מְקָבִיל,
type_in,trapezoid,05,7,כתבו את המונח המתמטי: מרובע עם בדיוק זוג צלעות מקביל אחת.,טְרַפֵּז,
type_in,octagon,05,7,כתבו את המונח המתמטי: מרובע עם בדיוק שמונה צלעות.,שְׁמִינָה,
type_in,hypotenuse,05,8,כתבו את המונח המתמטי: הצלע הנגדית לזווית הישרה במשולש ישר זווית.,נֶגֶד,
